epoch,time,train/box_loss,train/seg_loss,train/cls_loss,train/dfl_loss,metrics/precision(B),metrics/recall(B),metrics/mAP50(B),metrics/mAP50-95(B),metrics/precision(M),metrics/recall(M),metrics/mAP50(M),metrics/mAP50-95(M),val/box_loss,val/seg_loss,val/cls_loss,val/dfl_loss,lr/pg0,lr/pg1,lr/pg2
1,14.3391,1.54396,2.6313,2.36507,1.38292,0.82808,0.3665,0.40183,0.2557,0.82586,0.34768,0.38985,0.20897,1.3152,2.58562,1.56128,1.33496,0.000195173,0.000195173,0.000195173
2,25.7547,1.29291,2.04544,1.37613,1.23208,0.79513,0.44411,0.51863,0.36053,0.80971,0.458,0.53486,0.32444,1.50118,2.82508,1.16599,1.5885,0.000365356,0.000365356,0.000365356
