epoch,time,train/box_loss,train/seg_loss,train/cls_loss,train/dfl_loss,metrics/precision(B),metrics/recall(B),metrics/mAP50(B),metrics/mAP50-95(B),metrics/precision(M),metrics/recall(M),metrics/mAP50(M),metrics/mAP50-95(M),val/box_loss,val/seg_loss,val/cls_loss,val/dfl_loss,lr/pg0,lr/pg1,lr/pg2
1,152.023,0.93994,0.92591,1.36633,1.08992,0.47265,0.19188,0.20665,0.15514,0.47108,0.1901,0.20373,0.12172,0.91168,1.13186,8.04163,1.1213,0.00333221,0.00333221,0.00333221
2,296.228,0.63912,0.60887,0.68163,0.92906,0.61052,0.23379,0.27331,0.21049,0.60868,0.23144,0.26992,0.16949,0.86753,1.08796,8.04681,1.1249,0.00644558,0.00644558,0.00644558
3,437.827,0.59513,0.55087,0.61013,0.9123,0.51705,0.28262,0.27889,0.22157,0.51576,0.28084,0.27719,0.16999,0.91252,1.19526,8.58657,1.22848,0.00933895,0.00933895,0.00933895
